ssn,salary,sal_rank
987654312,95000.00,1
888665555,55000.00,2
987654321,43000.00,3
333445555,40000.00,4
666884444,38000.00,5
123456789,30000.00,6
453453453,25000.00,7
987987987,25000.00,7
999887777,25000.00,7
