ssn,fname,lname
123456789,John,Smith
333445555,Franklin,Wong
453453453,Joyce,English
666884444,Ramesh,Narayan
888665555,James,Borg
987654321,Jennifer,Wallace
987987987,Ahmad,Jabbar
999887777,Alicia,Zelaya
